[
  {
    "icd_term": "Acute kidney failure with other specified pathological lesion in kidney",
    "icd_code": "N17.2",
    "header": "assessment"
  },
  {
    "icd_term": "Acute kidney failure with acute cortical necrosis",
    "icd_code": "N17.8",
    "header": "assessment"
  },
  {
    "icd_term": "Acute kidney failure, unspecified",
    "icd_code": "N17.9",
    "header": "assessment"
  },
  {
    "icd_term": "Acute kidney failure with medullary necrosis",
    "icd_code": "N17.1",
    "header": "assessment"
  },
  {
    "icd_term": "Oliguria",
    "icd_code": "R34",
    "header": "assessment"
  },
  {
    "icd_term": "Anuria",
    "icd_code": "R33.9",
    "header": "assessment"
  },
  {
    "icd_term": "Hyperkalemia",
    "icd_code": "E87.5",
    "header": "assessment"
  },
  {
    "icd_term": "Lactic acidosis",
    "icd_code": "E87.2",
    "header": "assessment"
  },
  {
    "icd_term": "Hyperlactatemia",
    "icd_code": "R79.89",
    "header": "assessment"
  },
  {
    "icd_term": "Sepsis due to Escherichia coli [E. coli]",
    "icd_code": "A41.51",
    "header": "assessment"
  },
  {
    "icd_term": "Sepsis due to gram-negative organisms",
    "icd_code": "A41.5",
    "header": "assessment"
  },
  {
    "icd_term": "Other sepsis",
    "icd_code": "A41.89",
    "header": "assessment"
  },
  {
    "icd_term": "Septic shock",
    "icd_code": "R65.21",
    "header": "assessment"
  },
  {
    "icd_term": "Systemic inflammatory response syndrome of non-infectious origin without acute organ dysfunction",
    "icd_code": "R65.11",
    "header": "assessment"
  },
  {
    "icd_term": "Unspecified acute lower respiratory infection",
    "icd_code": "J22",
    "header": "assessment"
  },
  {
    "icd_term": "Pneumonia, unspecified organism",
    "icd_code": "J18.9",
    "header": "assessment"
  },
  {
    "icd_term": "Acute bronchitis, unspecified",
    "icd_code": "J20.9",
    "header": "assessment"
  },
  {
    "icd_term": "Acute lower respiratory infection, unspecified site",
    "icd_code": "J98.8",
    "header": "assessment"
  },
  {
    "icd_term": "Altered mental status, unspecified",
    "icd_code": "R41.82",
    "header": "assessment"
  },
  {
    "icd_term": "Disorientation, unspecified",
    "icd_code": "R41.0",
    "header": "assessment"
  },
  {
    "icd_term": "Transient alteration of awareness",
    "icd_code": "R40.4",
    "header": "assessment"
  },
  {
    "icd_term": "Encephalopathy, unspecified",
    "icd_code": "G93.40",
    "header": "assessment"
  },
  {
    "icd_term": "Orthostatic hypotension",
    "icd_code": "I95.1",
    "header": "assessment"
  },
  {
    "icd_term": "Shock, unspecified",
    "icd_code": "R57.9",
    "header": "assessment"
  },
  {
    "icd_term": "Fever, unspecified",
    "icd_code": "R50.9",
    "header": "hpi"
  }
]