[
  {
    "icd_term": "Acute kidney failure, unspecified",
    "icd_code": "N17.9",
    "header": "assessment"
  },
  {
    "icd_term": "Acute kidney failure with tubular necrosis",
    "icd_code": "N17.0",
    "header": "assessment"
  },
  {
    "icd_term": "Acute kidney failure with medullary necrosis",
    "icd_code": "N17.1",
    "header": "assessment"
  },
  {
    "icd_term": "Acute renal failure with tubular necrosis",
    "icd_code": "N17.0",
    "header": "assessment"
  },
  {
    "icd_term": "Chronic kidney disease, stage 1",
    "icd_code": "N18.1",
    "header": "assessment"
  },
  {
    "icd_term": "Chronic kidney disease, stage 2 (mild)",
    "icd_code": "N18.2",
    "header": "assessment"
  },
  {
    "icd_term": "Chronic kidney disease, stage 3 (moderate)",
    "icd_code": "N18.3",
    "header": "assessment"
  },
  {
    "icd_term": "Chronic kidney disease, stage 4 (severe)",
    "icd_code": "N18.4",
    "header": "assessment"
  },
  {
    "icd_term": "Chronic kidney disease, stage 5",
    "icd_code": "N18.5",
    "header": "assessment"
  },
  {
    "icd_term": "End stage renal disease",
    "icd_code": "N18.6",
    "header": "assessment"
  },
  {
    "icd_term": "Chronic kidney disease, unspecified",
    "icd_code": "N18.9",
    "header": "assessment"
  },
  {
    "icd_term": "Acute kidney failure on chronic kidney disease",
    "icd_code": "N17.9, N18.9",
    "header": "assessment"
  },
  {
    "icd_term": "Acute kidney injury superimposed on CKD stage 3",
    "icd_code": "N17.9, N18.3",
    "header": "assessment"
  },
  {
    "icd_term": "Oliguria",
    "icd_code": "R34",
    "header": "assessment"
  },
  {
    "icd_term": "Acidosis",
    "icd_code": "E87.2",
    "header": "assessment"
  },
  {
    "icd_term": "Uremia",
    "icd_code": "R79.89",
    "header": "assessment"
  },
  {
    "icd_term": "Systemic inflammatory response syndrome of infectious origin without acute organ dysfunction",
    "icd_code": "R65.10",
    "header": "assessment"
  },
  {
    "icd_term": "Sepsis, unspecified organism",
    "icd_code": "A41.9",
    "header": "assessment"
  },
  {
    "icd_term": "Hypotension, unspecified",
    "icd_code": "I95.9",
    "header": "assessment"
  }
]