{
  "account": "987654",
  "selections": [
    {
      "id": "problems-moderate-2",
      "checked": true,
      "justification": "Patient has hypertension and type 2 diabetes, both stable on current medication regimen"
    },
    {
      "id": "data-moderate-1",
      "checked": true,
      "justification": "Reviewed notes from 3 prior visits including cardiology, endocrinology, and primary care"
    },
    {
      "id": "risk-high-1",
      "checked": true,
      "justification": "Patient started on lithium requiring frequent blood monitoring for toxicity"
    }
  ]
} 